"PROMPT","Keyphrase/KeyTopic","Answers","Options","Question"
"KPF","NOKP","['A']","['A. Single-mode fiber, multimode fiber, copper', 'B. Coaxial, twisted-pair, HDMI', 'C. Cat5, Cat6, Cat7', 'D. RJ45, RJ11, BNC']","What are the three types of physical interfaces and cabling discussed in Chapter 1?"
"KPF","NOKP","['B']","['A. By using the FTP protocol', 'B. Through the Transmission Control Protocol (TCP) providing error recovery', 'C. By implementing OSI standards', 'D. By relying on hardware error detection']","How does the TCP/IP networking model ensure reliable communication?"
"KPF","NOKP","['C']","['A. Application layer', 'B. Transport layer', 'C. Network layer', 'D. Data link layer']","Which layer of the TCP/IP model is responsible for addressing and routing?"
"KPF","NOKP","['B']","['A. It is the process of decoding messages at the destination', 'B. It involves adding headers (and sometimes trailers) to data as it moves through layers', 'C. It is a technique for ensuring encryption in transmissions', 'D. It refers to the method of packet fragmentation']","Which statement best describes encapsulation in networking?"
"KPF","NOKP","['B']","['A. HTTP and HTTPS', 'B. TCP and UDP', 'C. IP and ICMP', 'D. Ethernet and Wi-Fi']","Which of the following protocols operate primarily at the TCP/IP transport layer?"
"MCQP-1","TCP/IP Networking Model","['C']","['A. Application Layer', 'B. Transport Layer', 'C. Network Layer', 'D. Data-Link Layer']","Which layer of the TCP/IP networking model is primarily responsible for defining protocols that allow computers to communicate over a network?"
"MCQP-2","TCP/IP Networking Model","['C']","['A. OSI Networking Model', 'B. Proprietary Vendor Model', 'C. TCP/IP Networking Model', 'D. SNA Networking Model']","What is the most commonly used networking model in computer networks today?"
"MCQP-3","TCP/IP Networking Model","['B']","['Open Systems Interconnection (OSI) Model', 'TCP/IP Networking Model', 'Systems Network Architecture (SNA)', 'Department of Defense (DoD) Model']","Which networking model is recognized as the most pervasive model in use today, supported by practically every computer operating system?"
"MCQP-1","OSI Networking Model","['A']","['A. The OSI model has seven layers, whereas the TCP/IP model has five or four layers.', 'B. The TCP/IP model is an older model compared to the OSI model.', 'C. The TCP/IP model focuses only on application layer protocols.', 'D. The OSI model is widely used in practical applications today, unlike the TCP/IP model.']","What is one of the primary differences between the OSI Networking Model and the TCP/IP Networking Model?"
"MCQP-2","OSI Networking Model","['B']","['A. TCP/IP Model', 'B. OSI Networking Model', 'C. Systems Network Architecture (SNA)', 'D. Proprietary Networking Models']","Which network architecture model was developed by the International Organization for Standardization to standardize data networking protocols for global communication?"
"MCQP-3","OSI Networking Model","['C']","['ISO Model', 'TCP/IP Networking Model', 'OSI Networking Model', 'SNA Networking Model']","Which of the following is a conceptual model that allows for standardizing data networking protocols and ensuring communication among all computers?"
"MCQP-1","Encapsulation Process","['B']","['A. Network layer header, Application layer data, Transport layer header, Data-link layer header and trailer', 'B. Application layer data, Transport layer header, Network layer header, Data-link layer header and trailer', 'C. Data-link layer header and trailer, Application layer data, Transport layer header, Network layer header', 'D. Transport layer header, Data-link layer header and trailer, Application layer data, Network layer header']","What is the correct sequence of the Encapsulation Process in the TCP/IP model when a device sends data across a network?"
"MCQP-2","Encapsulation Process","['A', 'D']","['A. Encapsulation', 'B. Modulation', 'C. Demodulation', 'D. Encapsulation Process']","What is the process of adding headers (and sometimes trailers) around data called?"
"MCQP-3","Encapsulation Process","['A']","['Encapsulation Process', 'Decapsulation Process', 'Data Transmission', 'Routing Protocol']","Which of the following best describes the process of adding headers and trailers around data as it moves through different layers of the TCP/IP model?"
"MCQP-1","IP Routing Basics","['B']","['A. To act as a firewall protecting network devices', 'B. To forward IP packets from one device to another', 'C. To assign IP addresses to hosts in a network', 'D. To convert IP addresses into URLs']","What is the primary function of routers in an IP network, according to the keyphrase 'IP Routing Basics'?"
"MCQP-2","IP Routing Basics","['B']","['A. IP Encapsulation', 'B. IP Routing Basics', 'C. TCP Error Recovery', 'D. HTTP Protocol Mechanisms']","Which term describes the process by which the TCP/IP network layer forwards data through multiple routers to the correct destination, ensuring that data is delivered from one device to another?"
"MCQP-3","IP Routing Basics","['B']","['IPv6 Addressing', 'IP Routing Basics', 'Advanced QoS Techniques', 'Wireless Network Security']","Which of the following topics is covered in Chapter 1 of the CCNA certification material related to networking models?"
"MCQP-1","Network Layer Protocols","['C']","['A. HTTP', 'B. TCP', 'C. IP', 'D. UDP']","Which of the following protocols is primarily associated with the Network Layer in the TCP/IP model?"
"MCQP-2","Network Layer Protocols","['B']","['A. Transport Layer Protocols', 'B. Network Layer Protocols', 'C. Application Layer Protocols', 'D. Data Link & Physical Layer Protocols']","What are protocols and standards that define how data is delivered across the internet, as part of the TCP/IP networking model?"
"MCQP-3","Network Layer Protocols","['C']","['A. Application Layer', 'B. Network Layer', 'C. Network Layer Protocols', 'D. Physical Layer']","Which of the following is NOT a layer defined in the TCP/IP model?"
"KT_MCQP","TCP/IP Networking Model","['A']","['A. To define a set of documents detailing protocols and standards for a network to function', 'B. To establish a physical connection between all devices in a network', 'C. To create proprietary protocols for networking devices', 'D. To ensure all network models are based on TCP/IP']","What is the main purpose of a networking model in TCP/IP?"
"KT_MCQP","TCP/IP Networking Model","['B']","['A. Application layer', 'B. Transport layer', 'C. Network layer', 'D. Data-Link layer']","Which layer of the TCP/IP model is responsible for error recovery?"
"KT_MCQP","TCP/IP Networking Model","['B']","['A. Segment', 'B. Packet', 'C. Frame', 'D. Envelope']","In TCP/IP networking, what term is used to describe data encapsulated with a network layer header?"
"KT_MCQP","Overview of TCP/IP Model Layers","['D']","['A. Application', 'B. Transport', 'C. Network', 'D. Physical']","Which of the following layers does the TCP/IP model define to handle physical transmission media standards?"
"KT_MCQP","Overview of TCP/IP Model Layers","['B']","['A. Error recovery', 'B. Addressing and routing', 'C. Application services', 'D. Physical transmission']","What primary role does the IP protocol serve in the TCP/IP model?"
"KT_MCQP","Overview of TCP/IP Model Layers","['B']","['A. HTTP', 'B. TCP', 'C. Ethernet', 'D. IP']","Which of the following protocols operates at the Transport layer of the TCP/IP model?"
"KT_MCQP","Encapsulation Process in TCP/IP","['C']","['A. Packetization', 'B. Fragmentation', 'C. Encapsulation', 'D. Serialization']","What is the process of putting headers (and sometimes trailers) around data called in the TCP/IP model?"
"KT_MCQP","Encapsulation Process in TCP/IP","['B']","['A. Layer 1 physical transmission', 'B. Layer 2 data-link encapsulation', 'C. Layer 3 network encapsulation', 'D. Layer 4 transport encapsulation']","What occurs when host Larry encapsulates an IP packet between an Ethernet header and trailer, creating an Ethernet frame?"
"KT_MCQP","Encapsulation Process in TCP/IP","['C']","['A. Adjacent-layer interaction refers to one layer providing services to a higher layer on the same device', 'B. Same-layer interaction involves direct communication between the same layer on different devices', 'C. Adjacent-layer interaction occurs only between Layer 1 and Layer 2', 'D. Layers use headers to communicate how they want lower layers to provide services']","Which of the following is NOT a correct description of layer interaction in the TCP/IP model?"
"KT_MCQP","Error Recovery in TCP","['B', 'C']","['A. Checksum', 'B. Acknowledgments', 'C. Sequence Numbers', 'D. Sliding Window']","Which of the following is a mechanism used by TCP to ensure error recovery in a network?"
"KT_MCQP","Error Recovery in TCP","['B']","['A. To prioritize the data packets', 'B. To help receivers detect lost data', 'C. To encrypt the data packets', 'D. To establish a connection between sender and receiver']","What is the main purpose of sequence numbers in TCP error-recovery?"
"KT_MCQP","Error Recovery in TCP","['D']","['A. The receiver sends a negative acknowledgment (NAK) for the missing packet', 'B. The receiver reorders the packets and waits for the missing one', 'C. The receiver sends an acknowledgment (ACK) for the packets received after the missing one', 'D. The receiver sends a packet with the sequence number of the missing data to request a retransmission']","In the context of TCP's error recovery mechanism, what action is taken when a receiving device detects a missing packet?"
"KT_MCQP","Transport Layer Protocols: TCP and UDP","['A']","['A. TCP is connection-oriented and provides reliable data transfer.', ""B. TCP is faster than UDP because it doesn't require error checking."", 'C. TCP is used primarily for applications with real-time requirements.', 'D. TCP packets do not require sequencing.']","Which of the following statements about TCP is correct?"
"KT_MCQP","Transport Layer Protocols: TCP and UDP","['C']","['A. UDP is a connection-oriented protocol.', 'B. UDP provides guaranteed data delivery through acknowledgments.', 'C. UDP is preferred for streaming video and online gaming.', 'D. UDP uses three-way handshake to establish connections.']","What characteristic is true of the User Datagram Protocol (UDP)?"
"KT_MCQP","Transport Layer Protocols: TCP and UDP","['B']","['A. TCP', 'B. UDP', 'C. HTTP', 'D. SMTP']","Which transport layer protocol offers minimal error recovery services?"
"KT_TYPEMCQP_Verification","TCP/IP Networking Model","['A']","['A. Yes', 'B. No']","Does the TCP/IP model dominate as the most pervasive networking model in use today?"
"KT_TYPEMCQP_Disjunctive","TCP/IP Networking Model","['A']","['A. TCP/IP network', 'B. OSI model']","Is a TCP/IP network more commonly used today, or was the OSI model more prevalent in the 1990s?"
"KT_TYPEMCQP_Feature specification","TCP/IP Networking Model","['A']","['A. Lower bandwidth capacity and shorter distance capabilities', 'B. Higher bandwidth capacity and longer distance capabilities', 'C. Lower interference and higher bandwidth capacity', 'D. Same bandwidth capacity but with different interference levels']","What are the qualitative attributes of copper cabling compared to single-mode and multimode fiber?"
"KT_TYPEMCQP_Quantification","TCP/IP Networking Model","['C']","['A. Two', 'B. Three', 'C. Four', 'D. Five']","How many layers does the TCP/IP Networking Model consist of?"
"KT_TYPEMCQP_Definition","TCP/IP Networking Model","['B']","['A. A type of software used for network simulation', 'B. A comprehensive set of documents defining protocols and standards for communication', 'C. A device used to connect computer networks', 'D. An algorithm for routing traffic in computer networks']","What is a networking model in the context of TCP/IP?"
"KT_TYPEMCQP_Example","TCP/IP Networking Model","['C']","['A. A network where all computers use IBMÂ’s SNA protocols exclusively.', ""B. A network where different vendors' equipment uses proprietary models and do not use TCP/IP."", ""C. A network where multiple vendors' equipment work together using TCP/IP protocols."", 'D. A network that employs only the OSI model for all data transmission.']","Can you give an example of a common enterprise network configuration involving TCP/IP?"
"KT_TYPEMCQP_Comparison","TCP/IP Networking Model","['B']","['A. TCP/IP and OSI models have exactly the same number of layers with identical names.', 'B. TCP/IP model combines some functionalities of the OSI model layers like session and presentation into a single application layer.', 'C. Both models differ completely in their conceptual approach to networking layers.', 'D. OSI model uses fewer layers and simpler naming conventions than TCP/IP.']","How does the TCP/IP networking model compare to the OSI model in terms of layer functionality and naming conventions?"
"KT_TYPEMCQP_Interpretation","TCP/IP Networking Model","['B']","['A. The application layer directly manages the physical transmission of data.', 'B. The application layer relies on lower layers like transport and network layers to handle data delivery and routing.', 'C. The application layer independently ensures error recovery and data routing.', 'D. The application layer functions exclusively within the data-link layer.']","Based on the TCP/IP Networking Model, what can be inferred about the relationship between the application layer and the underlying network layers?"
"KT_TYPEMCQP_Causal antecedent","TCP/IP Networking Model","['D']","['A. The lack of proprietary restrictions in TCP/IP.', ""B. The TCP/IP's simple structure made it more user-friendly."", ""C. The success of the U.S. Department of Defense's contract promoting TCP/IP."", ""D. OSI's failure to adopt a code-first-standardize-second approach.""]","What led to TCP/IP becoming the dominant networking model instead of OSI?"
"KT_TYPEMCQP_Causal consequence","TCP/IP Networking Model","['B']","['A. The data is discarded and an error message is sent to the user.', 'B. The system attempts to retransmit the data until it is correctly received.', 'C. The data is automatically routed to a different path to avoid the error.', 'D. The data is compressed and sent back through the same path.']","What happens to data when it is transmitted using the TCP/IP model's transport layer protocols, particularly when an error is detected?"
"KT_TYPEMCQP_Verification","Overview of TCP/IP Model Layers","['A']","['A. Yes', 'B. No']","Is the TCP/IP model the most pervasive networking model used today?"
"KT_TYPEMCQP_Disjunctive","Overview of TCP/IP Model Layers","['B']","['A. Proprietary networking models', 'B. Open, vendor-neutral model']","Does the TCP/IP model rely on proprietary networking models or on an open, vendor-neutral model?"
"KT_TYPEMCQP_Feature specification","Overview of TCP/IP Model Layers","['A']","['A. Each layer defines a set of protocols standardizing communication for particular functions.', 'B. Each layer is responsible for logical data path selection and determination.', 'C. Each layer is structured to work with proprietary vendor hardware exclusively.', 'D. Each layer outlines physical transmission of data through networking hardware.']","What qualitative attributes define the layers of the TCP/IP model in terms of their functions?"
"KT_TYPEMCQP_Quantification","Overview of TCP/IP Model Layers","['B']","['A. Three', 'B. Four', 'C. Five', 'D. Seven']","How many layers are there in the TCP/IP networking model?"
"KT_TYPEMCQP_Definition","Overview of TCP/IP Model Layers","['A']","['A. A standardized model for networking protocols and architecture', 'B. An open-source software for networking management', 'C. A type of hardware used in enterprise networks', 'D. The backbone infrastructure for wireless communications']","What is the TCP/IP model?"
"KT_TYPEMCQP_Example","Overview of TCP/IP Model Layers","['C']","['A. TCP/IP provides functions for holding headers only.', 'B. TCP/IP layers categorize protocols that guide hardware development.', 'C. TCP/IP layers categorize functions, helping in understanding how standards fit into the model.', 'D. TCP/IP layers define voltage levels for networking cables.']","What is an example of how the TCP/IP model layers can help in understanding networking concepts?"
"KT_TYPEMCQP_Comparison","Overview of TCP/IP Model Layers","['B']","['A. Both models define the same number of layers and similar protocols within those layers.', 'B. The TCP/IP model has fewer layers than OSI, with the application, presentation, and session layers combined into one.', 'C. The OSI model and TCP/IP model have the same approach to defining protocols but different naming conventions for each layer.', 'D. The TCP/IP model uses a code-first-standardize-second approach, while OSI uses a standard-first-code-second approach.']","How does the TCP/IP model's approach to layer functionality compare with the OSI model in terms of protocol and layer organization?"
"KT_TYPEMCQP_Interpretation","Overview of TCP/IP Model Layers","['C']","['A. Each protocol in the TCP/IP model operates independently without the need for interaction with protocols in other layers.', 'B. TCP/IP protocols work solely within a single layer, and do not require services from adjacent layers.', 'C. The TCP/IP model operates through adjacent-layer interaction, where each layer provides services to the layer above it and uses headers to communicate with the same layer on another computer.', 'D. The TCP/IP model exclusively relies on the physical layer to determine the path of data transmission across the network.']","In the context of the TCP/IP networking model, what can be inferred from the way different protocols such as HTTP, TCP, and IP work together to transmit data from a web server to a client?"
"KT_TYPEMCQP_Causal antecedent","Overview of TCP/IP Model Layers","['A']","['A. The existence of multiple proprietary models made it difficult for different vendor equipment to interoperate, prompting a need for a standard model.', ""B. The proprietary models were cost-effective and provided better performance, leading to TCP/IP's dominance."", 'C. TCP/IP was originally developed as an exclusive protocol for government use, which gradually trickled down to public use.', 'D. Proprietary models were primarily designed for academic purposes, neglecting industrial application, thus paving the way for TCP/IP.']","How did the existence of multiple proprietary networking models in the 1970s and 1980s lead to the development and dominance of TCP/IP?"
"KT_TYPEMCQP_Causal consequence","Overview of TCP/IP Model Layers","['B']","['A. The data is lost within the network layers.', 'B. The encapsulated data is delivered to the application layer on the receiving device.', 'C. It causes a network error and drops the packet.', 'D. The TCP/IP model restarts the process from the transport layer.']","What happens when all TCP/IP layers successfully process an encapsulated packet through a network?"
"KT_TYPEMCQP_Verification","Encapsulation Process in TCP/IP","['Yes']","['Yes', 'No']","Is each layer in the TCP/IP model responsible for adding its own header during the encapsulation process?"
"KT_TYPEMCQP_Disjunctive","Encapsulation Process in TCP/IP","['A']","['A. Creating a data structure for transmission over a network', 'B. Establishing a session between endpoints']","Is the encapsulation process primarily concerned with creating a data structure for transmission over a network, or is it about establishing a session between endpoints?"
"KT_TYPEMCQP_Feature specification","Encapsulation Process in TCP/IP","['B', 'D']","['A. Each layer only adds headers to the data it receives from the layer above.', 'B. Encapsulation ensures data is appropriately packaged with necessary headers and trailers.', 'C. Only the network layer uses encapsulation within the TCP/IP model.', 'D. Encapsulation involves both headers and trailers at the data-link layer.']","Can you describe the qualitative attributes of the encapsulation process in the TCP/IP model?"
"KT_TYPEMCQP_Quantification","Encapsulation Process in TCP/IP","['C']","['A. Three', 'B. Four', 'C. Five', 'D. Seven']","How many layers does the TCP/IP model include?"
"KT_TYPEMCQP_Definition","Encapsulation Process in TCP/IP","['B']","['A. It is the process of creating a packet-switched network to facilitate data transfer.', 'B. It refers to the method of adding a header and sometimes a trailer to data from an upper layer.', 'C. It is the routing method used to determine the best path for data.', 'D. It describes the encryption of data before transmission over a network.']","What is the encapsulation process in TCP/IP?"
"KT_TYPEMCQP_Example","Encapsulation Process in TCP/IP","['B']","['A. Adding an IP header around an Ethernet frame', 'B. Wrapping application data in an HTTP header then a TCP header', 'C. Sending an Ethernet frame directly over the internet without encapsulation', 'D. Placing SMTP headers inside a POP3 message for privacy']","Can you give an example of how data encapsulation is performed in the encapsulation process of TCP/IP?"
"KT_TYPEMCQP_Comparison","Encapsulation Process in TCP/IP","['A']","['A. The encapsulation process is similar to wrapping a gift with multiple layers of different wrapping papers.', 'B. The encapsulation process is like passing a sealed envelope from one mailbox to another.', 'C. Encapsulation is comparable to peeling an onion, layer by layer.', 'D. Encapsulation is like constructing a building layer by layer.']","When comparing encapsulation in TCP/IP with another concept, which of the following analogies is most accurate?"
"KT_TYPEMCQP_Interpretation","Encapsulation Process in TCP/IP","['C']","['A. Layers operate independently without any interactions.', 'B. The application layer directly performs the error recovery without involving the transport layer.', 'C. The application layer relies on the transport layer, such as TCP, to provide error recovery services.', 'D. Only the physical layer is responsible for error recovery.']","In the encapsulation process within the TCP/IP model, what can be inferred about the interaction between layers when an application layer protocol like HTTP requests error recovery from the transport layer?"
"KT_TYPEMCQP_Causal antecedent","Encapsulation Process in TCP/IP","['B', 'D']","[""A. The creation of vendor-specific proprietary networking protocols like IBM's SNA."", 'B. The development struggles of the OSI model due to a standard-first-code-second approach.', ""C. The initial exclusive use of networking protocols that only supported the vendor's own computers."", 'D. The informal development of TCP/IP as an open, vendor-neutral model by volunteers.', 'E. The decline in interest for proprietary models in favor of simplifying networks with a unified model.']","What event or state led to the development and dominance of the TCP/IP model as the most pervasive networking model in use today?"
"KT_TYPEMCQP_Causal consequence","Encapsulation Process in TCP/IP","['B']","['A. It is sent directly to its destination without any modifications.', 'B. Headers from each layer are added to the data, enabling different network functionalities.', 'C. It remains unchanged during transmission and is decrypted upon arrival.', 'D. Trailers are only added at the physical layer to ensure complete packet transmission.']","What happens to the data when it undergoes the encapsulation process in the TCP/IP model?"
"KT_TYPEMCQP_Verification","Error Recovery in TCP","['A']","['A. Yes', 'B. No']","Does TCP include an error-recovery feature to ensure data delivery across a network?"
"KT_TYPEMCQP_Disjunctive","Error Recovery in TCP","['B']","['A. Yes', 'B. No']","Does TCP rely on the underlying IP protocol for error recovery?"
"KT_TYPEMCQP_Feature specification","Error Recovery in TCP","['A']","['A. TCP uses sequence numbers in segments to track data order and retransmits lost data.', 'B. TCP encrypts all data for secure transmission to ensure error recovery.', 'C. TCP uses a checksum value in the header to check for errors and discards faulty segments without notifying the sender.', 'D. TCP requires application layer protocols to manage data retransmission by themselves.']","What are the basic steps taken by TCP in providing error recovery for the application layer protocols?"
"KT_TYPEMCQP_Quantification","Error Recovery in TCP","['B']","['A. None', 'B. One', 'C. Two', 'D. Three']","How many acknowledgement messages does TCP typically use to confirm receipt of a segment?"
"KT_TYPEMCQP_Definition","Error Recovery in TCP","['A']","['A. A mechanism used by TCP to ensure data is received in the correct order.', 'B. A method to speed up data transmission in TCP networks.', 'C. A process of following rules for physical data transmission.', 'D. A system for encrypting data during transmission.']","What is TCP error recovery?"
"KT_TYPEMCQP_Example","Error Recovery in TCP","['A']","['A. TCP uses sequence numbers and acknowledgments to check if data packets have been received and to request retransmission if needed.', 'B. TCP ignores packet loss and relies on the application to detect and correct errors.', 'C. TCP uses routing tables to ensure data packets are always sent on the most reliable path.', 'D. TCP encapsulates data with headers and trailers for parity checking and cyclic redundancy checks.']","Can you provide an example of how TCP handles error recovery in TCP connections?"
"KT_TYPEMCQP_Comparison","Error Recovery in TCP","['A']","['A. TCP uses sequence numbers and acknowledgments to ensure data delivery, whereas UDP does not.', 'B. TCP does not provide error recovery, while UDP does.', 'C. UDP uses sequence numbers and acknowledgments to ensure data delivery, whereas TCP does not.', 'D. Both TCP and UDP provide similar error recovery mechanisms.']","How does TCP error recovery differ from UDP in terms of providing reliable communication?"
"KT_TYPEMCQP_Interpretation","Error Recovery in TCP","['A']","['A. TCP uses sequence numbers and acknowledgments to ensure all data is received correctly', 'B. TCP establishes a connectionless communication between sender and receiver', 'C. TCP sends a single packet at a time without checking for acknowledgment', 'D. TCP relies on the application layer to resend missing data segments']","Based on the behavior of TCP in handling errors, what can be inferred about how TCP ensures reliable data transmission?"
"KT_TYPEMCQP_Causal antecedent","Error Recovery in TCP","['B']","['A. Network congestion causing delayed data packets', 'B. The unreliability of IP in ensuring data delivery', 'C. Limited bandwidth leading to packet loss', ""D. TCP's requirement for encryption of data transmission""]","What led to the need for error recovery mechanisms in TCP?"
"KT_TYPEMCQP_Causal consequence","Error Recovery in TCP","['B']","['A. Data packets may arrive at the destination corrupted.', 'B. Some data packets might get lost during transmission and need to be retransmitted.', 'C. Duplicate data packets might appear at the destination.', 'D. The overall network bandwidth decreases significantly.']","What happens when TCP error recovery is not implemented or fails in a network?"
"KT_TYPEMCQP_Verification","Transport Layer Protocols: TCP and UDP","['A']","['A. Yes', 'B. No']","Does the TCP transport protocol provide error recovery services to application layer protocols?"
"KT_TYPEMCQP_Disjunctive","Transport Layer Protocols: TCP and UDP","['A']","['A. TCP', 'B. UDP']","Which transport layer protocol is connection-oriented, providing reliable data transmission?"
"KT_TYPEMCQP_Feature specification","Transport Layer Protocols: TCP and UDP","['A', 'D']","['A. TCP provides error recovery through acknowledgments.', 'B. TCP is a connectionless protocol.', 'C. UDP does not provide flow control.', 'D. TCP ensures data is transmitted in sequence.']","What are the qualitative attributes of TCP that distinguish it from UDP?"
"KT_TYPEMCQP_Quantification","Transport Layer Protocols: TCP and UDP","['D']","['A. Two', 'B. Three', 'C. Four', 'D. Five']","How many layers does the TCP/IP model typically have?"
"KT_TYPEMCQP_Definition","Transport Layer Protocols: TCP and UDP","['B']","['A. A protocol responsible for defining the address format', 'B. A protocol that provides an error recovery service', 'C. A protocol used to encrypt application data', 'D. A protocol that connects network segments']","What is a transport layer protocol in the context of TCP/IP networking?"
"KT_TYPEMCQP_Example","Transport Layer Protocols: TCP and UDP","['C']","['A. Video streaming', 'B. Live gaming', 'C. HTTP web page transfers', 'D. VoIP calls']","Can you provide an instance where TCP is preferred over UDP in transport layer protocols?"
"KT_TYPEMCQP_Comparison","Transport Layer Protocols: TCP and UDP","['A', 'D']","['A. TCP uses acknowledgement packets to ensure data delivery, whereas UDP does not.', 'B. TCP discards lost packets, while UDP requests retransmission of lost packets.', 'C. Both TCP and UDP provide error recovery using checksum verification.', 'D. TCP and UDP both use sequence numbers, but only TCP requests resending lost packets.']","How does TCP provide error recovery compared to UDP?"
"KT_TYPEMCQP_Interpretation","Transport Layer Protocols: TCP and UDP","['C']","[""A. They primarily handle the application layer's interface for network communication."", 'B. They both guarantee the delivery of data across the network.', 'C. TCP provides error recovery services, while UDP does not.', 'D. They define services only for the physical transmission of data.']","What can be inferred about the role of TCP and UDP in the transport layer as explained in the chapter?"
"KT_TYPEMCQP_Causal antecedent","Transport Layer Protocols: TCP and UDP","['B']","['A. The ease of integrating TCP/IP with existing hardware infrastructures.', 'B. The code-first-standardize-second approach which allowed for faster implementation and iteration.', 'C. The complexity and inefficiency of OSI in comparison to TCP/IP.', 'D. The exclusive support by major hardware vendors for TCP/IP over other models.']","What factors contributed to the development and adoption of the TCP/IP model as the dominant networking standard over vendor-specific protocols and other models like OSI?"
"KT_TYPEMCQP_Causal consequence","Transport Layer Protocols: TCP and UDP","['B']","['A. The TCP connection is terminated.', 'B. The segment is retransmitted.', 'C. The connection switches to UDP.', 'D. The entire data stream is resent.']","What happens to a TCP connection if a segment is lost in transit?"
